<?xml version="1.0" encoding="UTF-8"?>
<beans xmlns="http://www.springframework.org/schema/beans"
	xmlns:context="http://www.springframework.org/schema/context"
	xmlns:mvc="http://www.springframework.org/schema/mvc" 
	xmlns:xsi="http://www.w3.org/2001/XMLSchema-instance"
	xsi:schemaLocation="
        http://www.springframework.org/schema/beans     
        http://www.springframework.org/schema/beans/spring-beans-3.0.xsd
        http://www.springframework.org/schema/context 
        http://www.springframework.org/schema/context/spring-context-3.0.xsd
        http://www.springframework.org/schema/mvc
        http://www.springframework.org/schema/mvc/spring-mvc-3.0.xsd">

	<context:component-scan base-package="com.cjc" />

	<mvc:annotation-driven />
    <bean id="viewResolver" class="org.springframework.web.servlet.view.InternalResourceViewResolver">
<property name="suffix" value=".jsp"></property>
</bean>
<bean id="cp"
class="org.springframework.jdbc.datasource.DriverManagerDataSource">
<property name="driverClassName" value="com.mysql.jdbc.Driver"></property>
<property name="url" value="jdbc:mysql://localhost:3306/stu"></property>
<property name="username" value="root"></property>
<property name="password" value="root"></property>
</bean>

<bean id="sf"
class="org.springframework.orm.hibernate5.LocalSessionFactoryBean">
<property name="dataSource" ref="cp"></property>
<property name="hibernateProperties">
<props>
<prop key="hibernate-dialect">org.hibernate.dialect.MySQLDialect</prop>
<prop key="hibernate.hbm2ddl.auto">update</prop>
</props>
</property>

<property name="annotatedClasses">
<list>
      <value>com.cjc.model.Student</value>
      </list>
      </property>
      </bean>

</beans>

